measure,country,iso_code,hydro_2014,hydro_2024,hydro_change_pp,wind_2014,wind_2024,wind_change_pp,solar_2014,solar_2024,solar_change_pp,other_2014,other_2024,other_change_pp,total_2014,total_2024,total_change_pp
primary_energy,Algeria,DZA,0.08,0.02,-0.06,0.0,0.0,0.0,0.03,0.22,0.19,0.0,0.0,0.0,0.11,0.24,0.13
primary_energy,Argentina,ARG,8.36,7.42,-0.94,0.16,4.04,3.88,0.0,0.99,0.99,1.88,2.34,0.46,10.4,14.79,4.39
primary_energy,Australia,AUS,2.36,1.89,-0.47,1.59,4.82,3.23,0.81,7.39,6.58,0.9,0.64,-0.26,5.66,14.74,9.08
primary_energy,Austria,AUT,26.96,27.14,0.18,2.53,5.58,3.05,0.52,5.71,5.19,5.01,4.92,-0.09,35.02,43.35,8.33
primary_energy,Azerbaijan,AZE,2.11,3.42,1.31,0.0,0.06,0.06,0.0,0.65,0.65,0.17,0.18,0.01,2.28,4.31,2.03
primary_energy,Bangladesh,BGD,0.45,0.46,0.01,0.0,0.04,0.04,0.18,0.58,0.4,0.04,0.01,-0.03,0.67,1.09,0.42
primary_energy,Belarus,BLR,0.1,0.21,0.11,0.01,0.13,0.12,0.0,0.12,0.12,0.18,0.51,0.33,0.29,0.97,0.68
primary_energy,Belgium,BEL,0.12,0.2,0.08,1.81,5.03,3.22,1.13,3.28,2.15,2.88,2.95,0.07,5.94,11.46,5.52
primary_energy,Brazil,BRA,27.09,26.34,-0.75,0.89,6.92,6.03,0.0,4.55,4.55,9.59,11.81,2.22,37.57,49.62,12.05
primary_energy,Bulgaria,BGR,5.59,3.7,-1.89,1.62,1.77,0.15,1.53,6.98,5.45,0.9,3.97,3.07,9.64,16.42,6.78
primary_energy,Canada,CAN,24.72,21.9,-2.82,0.83,2.99,2.16,0.14,0.6,0.46,1.34,1.67,0.33,27.03,27.16,0.13
primary_energy,Chile,CHL,14.48,12.67,-1.81,0.91,5.03,4.12,0.29,9.88,9.59,3.85,4.68,0.83,19.53,32.26,12.73
primary_energy,China,CHN,7.81,6.81,-1.0,1.18,5.02,3.84,0.17,4.22,4.05,0.53,1.42,0.89,9.69,17.47,7.78
primary_energy,Colombia,COL,22.63,21.89,-0.74,0.04,0.06,0.02,0.0,1.33,1.33,2.64,2.81,0.17,25.31,26.09,0.78
primary_energy,Croatia,HRV,24.28,16.25,-8.03,1.97,6.44,4.47,0.1,1.96,1.86,0.91,3.12,2.21,27.26,27.77,0.51
primary_energy,Cyprus,CYP,0.0,0.0,0.0,1.66,1.49,-0.17,0.75,7.92,7.17,0.96,1.39,0.43,3.37,10.8,7.43
primary_energy,Czechia,CZE,1.02,1.66,0.64,0.25,0.44,0.19,1.13,2.24,1.11,3.82,5.4,1.58,6.22,9.74,3.52
primary_energy,Denmark,DNK,0.02,0.02,0.0,16.56,26.08,9.52,0.75,4.94,4.19,7.98,10.67,2.69,25.31,41.71,16.4
primary_energy,Ecuador,ECU,15.62,24.27,8.65,0.11,0.24,0.13,0.02,0.04,0.02,0.7,0.81,0.11,16.45,25.36,8.91
primary_energy,Egypt,EGY,3.6,3.12,-0.48,0.27,1.33,1.06,0.04,1.32,1.28,0.0,0.0,0.0,3.91,5.77,1.86
primary_energy,Estonia,EST,0.09,0.14,0.05,2.08,4.62,2.54,0.01,4.96,4.95,3.44,8.23,4.79,5.62,17.95,12.33
primary_energy,Finland,FIN,10.48,10.68,0.2,0.87,15.4,14.53,0.01,0.96,0.95,12.84,11.86,-0.98,24.2,38.9,14.7
primary_energy,France,FRA,5.79,6.97,1.18,1.62,4.63,3.01,0.55,2.28,1.73,1.92,2.58,0.66,9.88,16.46,6.58
primary_energy,Germany,DEU,1.35,1.72,0.37,4.04,10.73,6.69,2.45,5.73,3.28,5.0,5.8,0.8,12.84,23.98,11.14
primary_energy,Greece,GRC,3.72,2.47,-1.25,3.07,9.18,6.11,3.15,7.82,4.67,0.8,1.58,0.78,10.74,21.05,10.31
primary_energy,Hong Kong,HKG,0.0,0.0,0.0,0.0,0.0,0.0,0.0,0.29,0.29,0.15,0.76,0.61,0.15,1.05,0.9
primary_energy,Hungary,HUN,0.32,0.22,-0.1,0.7,0.62,-0.08,0.07,8.47,8.4,3.72,3.4,-0.32,4.81,12.71,7.9
primary_energy,Iceland,ISL,55.27,51.26,-4.01,0.04,0.05,0.01,0.0,0.0,0.0,27.7,29.19,1.49,83.01,80.5,-2.51
primary_energy,India,IND,4.64,3.39,-1.25,1.12,1.76,0.64,0.16,2.96,2.8,0.91,1.04,0.13,6.83,9.15,2.32
primary_energy,Indonesia,IDN,2.08,2.16,0.08,0.0,0.04,0.04,0.0,0.08,0.08,2.63,8.68,6.05,4.71,10.96,6.25
primary_energy,Iran,IRN,1.32,1.28,-0.04,0.02,0.08,0.06,0.0,0.06,0.06,0.0,0.0,0.0,1.34,1.42,0.08
primary_energy,Iraq,IRQ,1.51,0.46,-1.05,0.0,0.0,0.0,0.03,0.12,0.09,0.0,0.0,0.0,1.54,0.58,-0.96
primary_energy,Ireland,IRL,1.1,1.04,-0.06,8.0,15.77,7.77,0.0,1.52,1.52,1.84,3.84,2.0,10.94,22.17,11.23
primary_energy,Israel,ISR,0.01,0.02,0.01,0.04,0.35,0.31,0.82,8.96,8.14,0.11,0.47,0.36,0.98,9.8,8.82
primary_energy,Italy,ITA,8.26,8.01,-0.25,2.14,3.24,1.1,3.15,5.25,2.1,4.96,4.44,-0.52,18.51,20.94,2.43
primary_energy,Japan,JPN,3.84,4.07,0.23,0.24,0.59,0.35,1.11,4.95,3.84,1.42,3.08,1.66,6.61,12.69,6.08
primary_energy,Kazakhstan,KAZ,2.74,3.19,0.45,0.0,1.39,1.39,0.0,0.53,0.53,0.0,0.0,0.0,2.74,5.11,2.37
primary_energy,Kuwait,KWT,0.0,0.0,0.0,0.0,0.02,0.02,0.0,0.06,0.06,0.0,0.0,0.0,0.0,0.08,0.08
primary_energy,Latvia,LVA,12.49,20.48,7.99,0.63,1.78,1.15,0.0,2.58,2.58,5.84,4.84,-1.0,18.96,29.68,10.72
primary_energy,Lithuania,LTU,1.66,1.46,-0.2,2.67,11.8,9.13,0.3,4.66,4.36,3.25,5.5,2.25,7.88,23.42,15.54
primary_energy,Luxembourg,LUX,0.62,0.67,0.05,0.46,2.92,2.46,0.55,2.96,2.41,2.62,7.73,5.11,4.25,14.28,10.03
primary_energy,Malaysia,MYS,3.11,6.09,2.98,0.0,0.0,0.0,0.05,0.62,0.57,0.52,1.56,1.04,3.68,8.27,4.59
primary_energy,Mexico,MEX,4.45,2.5,-1.95,0.74,2.09,1.35,0.02,2.73,2.71,1.22,0.94,-0.28,6.43,8.26,1.83
primary_energy,Morocco,MAR,1.92,0.13,-1.79,2.26,6.67,4.41,0.0,1.88,1.88,0.0,0.0,0.0,4.18,8.68,4.5
primary_energy,Netherlands,NLD,0.03,0.02,-0.01,1.45,8.87,7.42,0.2,5.75,5.55,1.97,3.47,1.5,3.65,18.11,14.46
primary_energy,New Zealand,NZL,24.73,24.74,0.01,2.25,4.12,1.87,0.02,0.63,0.61,10.46,13.07,2.61,37.46,42.56,5.1
primary_energy,North Macedonia,MKD,11.06,11.38,0.32,0.65,1.38,0.73,0.13,2.6,2.47,0.01,0.68,0.67,11.85,16.04,4.19
primary_energy,Norway,NOR,66.38,63.93,-2.45,1.09,6.65,5.56,0.01,0.25,0.24,0.44,0.98,0.54,67.92,71.81,3.89
primary_energy,Oman,OMN,0.0,0.0,0.0,0.0,0.07,0.07,0.0,1.05,1.05,0.0,0.0,0.0,0.0,1.12,1.12
primary_energy,Pakistan,PAK,10.55,10.8,0.25,0.1,0.96,0.86,0.08,0.46,0.38,0.0,0.28,0.28,10.73,12.5,1.77
primary_energy,Peru,PER,21.33,21.18,-0.15,0.25,2.59,2.34,0.19,0.93,0.74,3.01,1.95,-1.06,24.78,26.65,1.87
primary_energy,Philippines,PHL,5.68,4.13,-1.55,0.09,0.48,0.39,0.01,1.41,1.4,9.02,6.8,-2.22,14.8,12.82,-1.98
primary_energy,Poland,POL,0.51,0.48,-0.03,1.8,5.64,3.84,0.0,3.24,3.24,3.61,3.7,0.09,5.92,13.06,7.14
primary_energy,Portugal,PRT,13.8,13.66,-0.14,10.74,13.32,2.58,0.56,6.54,5.98,4.66,6.22,1.56,29.76,39.74,9.98
primary_energy,Qatar,QAT,0.0,0.0,0.0,0.0,0.0,0.0,0.0,0.75,0.75,0.06,0.06,0.0,0.06,0.81,0.75
primary_energy,Romania,ROU,12.59,9.58,-3.01,3.21,4.42,1.21,0.88,3.19,2.31,0.83,1.93,1.1,17.51,19.12,1.61
primary_energy,Russia,RUS,5.5,5.7,0.2,0.0,0.12,0.12,0.0,0.08,0.08,0.02,0.1,0.08,5.52,6.0,0.48
primary_energy,Saudi Arabia,SAU,0.0,0.0,0.0,0.0,0.12,0.12,0.0,0.61,0.61,0.0,0.0,0.0,0.0,0.73,0.73
primary_energy,Singapore,SGP,0.0,0.0,0.0,0.0,0.0,0.0,0.01,0.3,0.29,0.27,0.25,-0.02,0.28,0.55,0.27
primary_energy,Slovakia,SVK,5.97,6.71,0.74,0.01,0.0,-0.01,0.85,0.94,0.09,3.35,3.64,0.29,10.18,11.29,1.11
primary_energy,Slovenia,SVN,19.03,16.68,-2.35,0.01,0.02,0.01,0.8,5.75,4.95,1.59,2.29,0.7,21.43,24.74,3.31
primary_energy,South Africa,ZAF,0.32,0.2,-0.12,0.19,1.99,1.8,0.19,1.18,0.99,0.12,0.18,0.06,0.82,3.55,2.73
primary_energy,South Korea,KOR,0.22,0.29,0.07,0.09,0.23,0.14,0.21,2.22,2.01,0.74,2.01,1.27,1.26,4.75,3.49
primary_energy,Spain,ESP,6.5,5.25,-1.25,8.63,9.55,0.92,2.27,8.62,6.35,2.05,2.44,0.39,19.45,25.86,6.41
primary_energy,Sri Lanka,LKA,13.64,15.44,1.8,0.82,1.74,0.92,0.08,5.74,5.66,0.15,0.32,0.17,14.69,23.24,8.55
primary_energy,Sweden,SWE,27.78,26.69,-1.09,4.89,16.73,11.84,0.02,1.71,1.69,7.01,6.19,-0.82,39.7,51.32,11.62
primary_energy,Switzerland,CHE,28.78,33.16,4.38,0.08,0.13,0.05,0.64,4.36,3.72,1.63,2.23,0.6,31.13,39.88,8.75
primary_energy,Taiwan,TWN,0.83,0.82,-0.01,0.29,2.02,1.73,0.1,2.91,2.81,0.47,0.52,0.05,1.69,6.27,4.58
primary_energy,Thailand,THA,0.97,1.1,0.13,0.07,0.58,0.51,0.36,0.94,0.58,2.83,4.78,1.95,4.23,7.4,3.17
primary_energy,Trinidad and Tobago,TTO,0.0,0.0,0.0,0.0,0.0,0.0,0.01,0.01,0.0,0.0,0.0,0.0,0.01,0.01,0.0
primary_energy,Turkey,TUR,7.14,8.79,1.65,1.5,4.3,2.8,0.0,3.56,3.56,0.86,3.14,2.28,9.5,19.79,10.29
primary_energy,Turkmenistan,TKM,0.0,0.0,0.0,0.0,0.0,0.0,0.0,0.0,0.0,0.0,0.0,0.0,0.0,0.0,0.0
primary_energy,Ukraine,UKR,1.8,5.22,3.42,0.24,0.1,-0.14,0.09,2.48,2.39,0.07,0.49,0.42,2.2,8.29,6.09
primary_energy,United Arab Emirates,ARE,0.0,0.0,0.0,0.0,0.03,0.03,0.07,2.44,2.37,0.0,0.04,0.04,0.07,2.51,2.44
primary_energy,United Kingdom,GBR,0.67,0.73,0.06,3.62,10.7,7.08,0.46,1.88,1.42,3.75,7.98,4.23,8.5,21.29,12.79
primary_energy,United States,USA,2.52,2.21,-0.31,1.8,4.24,2.44,0.29,2.84,2.55,2.41,2.77,0.36,7.02,12.06,5.04
primary_energy,Uzbekistan,UZB,2.78,2.88,0.1,0.0,0.18,0.18,0.0,1.52,1.52,0.0,0.0,0.0,2.78,4.58,1.8
primary_energy,Venezuela,VEN,20.45,25.83,5.38,0.03,0.01,-0.02,0.0,0.0,0.0,0.02,0.0,-0.02,20.5,25.84,5.34
primary_energy,Vietnam,VNM,22.17,14.85,-7.32,0.02,2.13,2.11,0.0,4.33,4.33,0.03,0.22,0.19,22.22,21.53,-0.69
primary_energy,World,WLD,6.58,6.2,-0.38,1.2,3.49,2.29,0.33,2.94,2.61,1.62,2.19,0.57,9.73,14.82,5.09
electricity,Albania,ALB,100.0,95.92,-4.08,0.0,0.0,0.0,0.0,4.08,4.08,0.0,0.0,0.0,100.0,100.0,0.0
electricity,Algeria,DZA,0.39,0.02,-0.37,0.0,0.02,0.02,0.0,1.03,1.03,0.0,0.0,0.0,0.39,1.07,0.68
electricity,Angola,AGO,52.2,70.56,18.36,0.0,0.0,0.0,0.21,2.82,2.61,0.42,0.32,-0.1,52.83,73.7,20.87
electricity,Argentina,ARG,23.4,19.45,-3.95,0.45,10.6,10.15,0.01,2.6,2.59,1.07,1.72,0.65,24.93,34.37,9.44
electricity,Armenia,ARM,26.16,22.15,-4.01,0.0,0.0,0.0,0.0,9.74,9.74,0.0,0.0,0.0,26.16,31.89,5.73
electricity,Australia,AUS,5.85,4.56,-1.29,3.95,11.62,7.67,2.0,17.83,15.83,1.43,1.06,-0.37,13.23,35.07,21.84
electricity,Austria,AUT,66.63,58.25,-8.38,6.26,11.65,5.39,1.28,10.37,9.09,7.39,5.95,-1.44,81.56,86.22,4.66
electricity,Azerbaijan,AZE,5.24,10.78,5.54,0.0,0.32,0.32,0.0,0.29,0.29,0.32,0.36,0.04,5.56,11.75,6.19
electricity,Bahrain,BHR,0.0,0.0,0.0,0.0,0.0,0.0,0.04,0.26,0.22,0.0,0.0,0.0,0.04,0.26,0.22
electricity,Bangladesh,BGD,1.11,0.69,-0.42,0.0,0.0,0.0,0.28,1.2,0.92,0.0,0.0,0.0,1.39,1.89,0.5
electricity,Belarus,BLR,0.34,0.87,0.53,0.03,0.44,0.41,0.0,0.57,0.57,0.46,1.2,0.74,0.83,3.08,2.25
electricity,Belgium,BEL,0.41,0.72,0.31,6.49,18.5,12.01,4.06,11.26,7.2,6.19,4.75,-1.44,17.15,35.23,18.08
electricity,Bhutan,BTN,100.0,100.0,0.0,0.0,0.0,0.0,0.0,0.0,0.0,0.0,0.0,0.0,100.0,100.0,0.0
electricity,Bolivia,BOL,26.87,24.39,-2.48,0.12,3.55,3.43,0.12,2.96,2.84,1.57,3.1,1.53,28.68,34.0,5.32
electricity,Bosnia and Herzegovina,BIH,34.82,35.18,0.36,0.0,2.39,2.39,0.06,2.52,2.46,0.0,0.26,0.26,34.88,40.35,5.47
electricity,Brazil,BRA,63.24,55.41,-7.83,2.07,14.55,12.48,0.0,9.56,9.56,7.97,7.81,-0.16,73.28,87.33,14.05
electricity,Brunei,BRN,0.0,0.0,0.0,0.0,0.0,0.0,0.0,0.18,0.18,0.0,0.0,0.0,0.0,0.18,0.18
electricity,Bulgaria,BGR,9.8,7.28,-2.52,2.84,3.81,0.97,2.68,14.33,11.65,0.43,4.49,4.06,15.75,29.91,14.16
electricity,Cambodia,KHM,60.46,28.23,-32.23,0.0,0.0,0.0,0.0,6.91,6.91,0.65,0.52,-0.13,61.11,35.66,-25.45
electricity,Cameroon,CMR,62.84,72.04,9.2,0.0,0.0,0.0,0.14,0.55,0.41,1.02,0.55,-0.47,64.0,73.14,9.14
electricity,Canada,CAN,58.58,53.9,-4.68,1.96,7.35,5.39,0.32,1.48,1.16,1.5,1.54,0.04,62.36,64.27,1.91
electricity,Chile,CHL,32.51,29.34,-3.17,2.05,11.77,9.72,0.68,22.78,22.1,7.6,6.15,-1.45,42.84,70.04,27.2
electricity,China,CHN,18.29,13.43,-4.86,2.76,9.88,7.12,0.41,8.32,7.91,0.8,2.07,1.27,22.26,33.7,11.44
electricity,Colombia,COL,67.06,54.84,-12.22,0.1,0.17,0.07,0.01,3.85,3.84,1.92,2.49,0.57,69.09,61.35,-7.74
electricity,Congo,COG,53.41,20.15,-33.26,0.0,0.0,0.0,0.0,0.18,0.18,1.7,0.55,-1.15,55.11,20.88,-34.23
electricity,Costa Rica,CRI,65.39,72.73,7.34,7.28,11.27,3.99,0.2,0.82,0.62,16.91,15.09,-1.82,89.78,99.91,10.13
electricity,Cote d'Ivoire,CIV,22.85,27.8,4.95,0.0,0.0,0.0,0.0,0.18,0.18,0.85,0.93,0.08,23.7,28.91,5.21
electricity,Croatia,HRV,67.09,44.02,-23.07,5.44,17.53,12.09,0.3,5.36,5.06,1.19,6.54,5.35,74.02,73.45,-0.57
electricity,Cuba,CUB,0.52,0.62,0.1,0.1,0.36,0.26,0.46,1.24,0.78,3.29,1.8,-1.49,4.37,4.02,-0.35
electricity,Cyprus,CYP,0.0,0.0,0.0,4.15,3.8,-0.35,1.84,19.17,17.33,1.15,1.04,-0.11,7.14,24.01,16.87
electricity,Czechia,CZE,2.25,3.65,1.4,0.56,0.92,0.36,2.5,4.93,2.43,5.48,7.39,1.91,10.79,16.89,6.1
electricity,Democratic Republic of Congo,COD,99.89,84.17,-15.72,0.0,0.0,0.0,0.0,15.77,15.77,0.0,0.06,0.06,99.89,100.0,0.11
electricity,Denmark,DNK,0.06,0.06,0.0,40.82,58.21,17.39,1.87,10.78,8.91,13.39,20.14,6.75,56.14,89.19,33.05
electricity,Dominican Republic,DOM,7.64,6.12,-1.52,1.39,5.41,4.02,0.12,6.45,6.33,0.98,0.87,-0.11,10.13,18.85,8.72
electricity,Ecuador,ECU,46.88,70.42,23.54,0.33,0.7,0.37,0.08,0.12,0.04,0.25,1.19,0.94,47.54,72.43,24.89
electricity,Egypt,EGY,7.94,6.05,-1.89,0.6,2.59,1.99,0.08,2.56,2.48,0.0,0.0,0.0,8.62,11.2,2.58
electricity,El Salvador,SLV,28.41,32.62,4.21,0.0,2.14,2.14,0.0,19.14,19.14,31.75,36.91,5.16,60.16,90.81,30.65
electricity,Estonia,EST,0.24,0.48,0.24,4.82,16.77,11.95,0.0,17.09,17.09,6.1,21.41,15.31,11.16,55.75,44.59
electricity,Ethiopia,ETH,94.19,96.9,2.71,5.28,2.78,-2.5,0.21,0.16,-0.05,0.32,0.16,-0.16,100.0,100.0,0.0
electricity,Finland,FIN,19.68,17.32,-2.36,1.63,24.81,23.18,0.02,1.14,1.12,17.27,12.59,-4.68,38.6,55.86,17.26
electricity,France,FRA,11.26,12.66,1.4,3.06,8.09,5.03,1.13,4.43,3.3,1.16,2.0,0.84,16.61,27.18,10.57
electricity,Georgia,GEO,80.18,78.97,-1.21,0.0,0.65,0.65,0.0,0.22,0.22,0.0,0.0,0.0,80.18,79.84,-0.34
electricity,Germany,DEU,3.17,4.8,1.63,9.46,28.55,19.09,5.73,14.95,9.22,7.82,10.34,2.52,26.18,58.64,32.46
electricity,Ghana,GHA,63.46,35.44,-28.02,0.0,0.0,0.0,0.0,0.7,0.7,0.15,0.08,-0.07,63.61,36.22,-27.39
electricity,Greece,GRC,9.03,6.27,-2.76,7.44,21.99,14.55,7.64,19.73,12.09,0.44,1.24,0.8,24.55,49.23,24.68
electricity,Guatemala,GTM,45.49,39.9,-5.59,0.0,2.34,2.34,0.09,1.77,1.68,22.84,24.32,1.48,68.42,68.33,-0.09
electricity,Honduras,HND,31.08,30.45,-0.63,4.82,6.01,1.19,0.12,9.46,9.34,4.58,9.54,4.96,40.6,55.46,14.86
electricity,Hong Kong,HKG,0.0,0.0,0.0,0.0,0.0,0.0,0.0,0.61,0.61,0.1,0.43,0.33,0.1,1.04,0.94
electricity,Hungary,HUN,1.02,0.6,-0.42,2.25,1.82,-0.43,0.24,24.21,23.97,7.25,4.84,-2.41,10.76,31.47,20.71
electricity,Iceland,ISL,70.51,70.66,0.15,0.06,0.05,-0.01,0.0,0.05,0.05,29.44,29.24,-0.2,100.01,100.0,-0.01
electricity,India,IND,11.04,7.69,-3.35,2.66,4.0,1.34,0.39,7.02,6.63,1.68,1.09,-0.59,15.77,19.8,4.03
electricity,Indonesia,IDN,6.38,7.34,0.96,0.0,0.13,0.13,0.0,0.36,0.36,8.1,10.26,2.16,14.48,18.09,3.61
electricity,Iran,IRN,5.26,4.77,-0.49,0.07,0.32,0.25,0.0,0.23,0.23,0.02,0.01,-0.01,5.35,5.33,-0.02
electricity,Iraq,IRQ,4.24,1.34,-2.9,0.0,0.0,0.0,0.09,0.29,0.2,0.0,0.0,0.0,4.33,1.63,-2.7
electricity,Ireland,IRL,2.75,2.48,-0.27,20.19,37.32,17.13,0.0,3.51,3.51,2.09,3.22,1.13,25.03,46.53,21.5
electricity,Israel,ISR,0.02,0.01,-0.01,0.02,0.57,0.55,1.45,13.08,11.63,0.1,0.14,0.04,1.59,13.8,12.21
electricity,Italy,ITA,21.17,19.86,-1.31,5.49,8.3,2.81,8.07,13.45,5.38,8.91,8.56,-0.35,43.64,50.17,6.53
electricity,Japan,JPN,7.69,7.82,0.13,0.47,1.14,0.67,2.22,9.51,7.29,2.22,4.47,2.25,12.6,22.94,10.34
electricity,Jordan,JOR,0.33,0.08,-0.25,0.0,7.39,7.39,0.0,16.6,16.6,0.06,0.0,-0.06,0.39,24.07,23.68
electricity,Kazakhstan,KAZ,8.73,9.49,0.76,0.01,4.14,4.13,0.0,1.58,1.58,0.0,0.0,0.0,8.74,15.21,6.47
electricity,Kenya,KEN,35.65,23.38,-12.27,0.22,16.36,16.14,0.54,4.98,4.44,40.0,46.76,6.76,76.41,91.48,15.07
electricity,Kuwait,KWT,0.0,0.0,0.0,0.02,2.01,1.99,0.0,0.23,0.23,0.0,0.0,0.0,0.02,2.24,2.22
electricity,Kyrgyzstan,KGZ,91.2,88.78,-2.42,0.0,0.0,0.0,0.0,0.0,0.0,0.0,0.0,0.0,91.2,88.78,-2.42
electricity,Laos,LAO,100.0,76.47,-23.53,0.0,0.0,0.0,0.0,0.17,0.17,0.0,0.08,0.08,100.0,76.72,-23.28
electricity,Latvia,LVA,38.72,50.71,11.99,2.72,4.42,1.7,0.0,8.53,8.53,13.04,9.8,-3.24,54.48,73.46,18.98
electricity,Lebanon,LBN,1.06,13.11,12.05,0.06,0.19,0.13,0.06,29.96,29.9,0.0,0.56,0.56,1.18,43.82,42.64
electricity,Libya,LBY,0.0,0.0,0.0,0.0,0.0,0.0,0.03,0.03,0.0,0.0,0.0,0.0,0.03,0.03,0.0
electricity,Lithuania,LTU,10.84,5.95,-4.89,17.34,46.14,28.8,1.9,18.94,17.04,10.84,13.26,2.42,40.92,84.29,43.37
electricity,Malaysia,MYS,9.08,17.42,8.34,0.0,0.0,0.0,0.16,2.08,1.92,0.47,0.86,0.39,9.71,20.36,10.65
electricity,Mali,MLI,54.98,15.44,-39.54,0.0,0.0,0.0,1.2,2.85,1.65,1.99,1.17,-0.82,58.17,19.46,-38.71
electricity,Mexico,MEX,12.82,6.63,-6.19,2.12,5.56,3.44,0.07,7.24,7.17,2.67,1.69,-0.98,17.68,21.12,3.44
electricity,Moldova,MDA,5.96,5.27,-0.69,0.0,3.46,3.46,0.0,1.65,1.65,0.19,0.33,0.14,6.15,10.71,4.56
electricity,Mongolia,MNG,1.3,0.68,-0.62,2.42,5.78,3.36,0.19,2.38,2.19,0.0,0.0,0.0,3.91,8.84,4.93
electricity,Morocco,MAR,7.23,1.91,-5.32,6.84,16.72,9.88,0.0,5.68,5.68,0.04,0.09,0.05,14.11,24.4,10.29
electricity,Mozambique,MOZ,98.66,82.36,-16.3,0.0,0.0,0.0,0.0,0.4,0.4,0.0,0.66,0.66,98.66,83.42,-15.24
electricity,Myanmar,MMR,61.36,46.06,-15.3,0.0,0.0,0.0,0.07,0.55,0.48,1.53,1.24,-0.29,62.96,47.85,-15.11
electricity,Nepal,NPL,99.21,98.83,-0.38,0.26,0.09,-0.17,0.53,1.08,0.55,0.0,0.0,0.0,100.0,100.0,0.0
electricity,Netherlands,NLD,0.11,0.07,-0.04,5.68,27.37,21.69,0.72,17.84,17.12,4.91,5.46,0.55,11.42,50.74,39.32
electricity,New Zealand,NZL,56.08,53.28,-2.8,5.1,9.79,4.69,0.05,0.84,0.79,17.87,22.06,4.19,79.1,85.97,6.87
electricity,Nigeria,NGA,16.57,24.49,7.92,0.0,0.0,0.0,0.06,0.35,0.29,0.06,0.16,0.1,16.69,25.0,8.31
electricity,North Korea,PRK,59.92,62.73,2.81,0.0,0.0,0.0,0.05,0.63,0.58,0.0,0.0,0.0,59.97,63.36,3.39
electricity,North Macedonia,MKD,22.49,21.71,-0.78,1.3,2.69,1.39,0.19,14.1,13.91,0.0,0.95,0.95,23.98,39.45,15.47
electricity,Norway,NOR,96.16,88.82,-7.34,1.58,9.29,7.71,0.0,0.34,0.34,0.18,0.15,-0.03,97.92,98.6,0.68
electricity,Oman,OMN,0.0,0.0,0.0,0.0,0.2,0.2,0.0,4.68,4.68,0.0,0.0,0.0,0.0,4.88,4.88
electricity,Pakistan,PAK,30.09,21.87,-8.22,0.74,2.95,2.21,0.22,11.33,11.11,1.78,1.04,-0.74,32.83,37.19,4.36
electricity,Panama,PAN,54.09,53.09,-1.0,1.29,7.15,5.86,0.11,7.37,7.26,0.32,0.37,0.05,55.81,67.98,12.17
electricity,Paraguay,PRY,99.73,99.43,-0.3,0.0,0.0,0.0,0.0,0.0,0.0,0.25,0.57,0.32,99.98,100.0,0.02
electricity,Peru,PER,48.55,53.97,5.42,0.57,3.52,2.95,0.44,1.6,1.16,2.82,1.01,-1.81,52.38,60.1,7.72
electricity,Philippines,PHL,11.84,8.13,-3.71,0.19,1.21,1.02,0.03,1.68,1.65,13.56,9.46,-4.1,25.62,20.48,-5.14
electricity,Poland,POL,1.38,1.23,-0.15,4.85,15.04,10.19,0.01,10.26,10.25,6.3,4.62,-1.68,12.54,31.15,18.61
electricity,Portugal,PRT,30.06,31.5,1.44,23.38,30.34,6.96,1.22,15.0,13.78,6.29,8.36,2.07,60.95,85.2,24.25
electricity,Puerto Rico,PRI,0.38,0.25,-0.13,1.04,0.9,-0.14,0.24,4.8,4.56,0.0,0.05,0.05,1.66,6.0,4.34
electricity,Qatar,QAT,0.0,0.0,0.0,0.0,0.0,0.0,0.03,3.79,3.76,0.26,0.23,-0.03,0.29,4.02,3.73
electricity,Romania,ROU,28.96,26.92,-2.04,9.55,12.2,2.65,2.5,6.49,3.99,0.77,0.91,0.14,41.78,46.52,4.74
electricity,Russia,RUS,16.29,17.41,1.12,0.01,0.38,0.37,0.02,0.24,0.22,0.05,0.07,0.02,16.37,18.1,1.73
electricity,Saudi Arabia,SAU,0.0,0.0,0.0,0.0,0.35,0.35,0.02,1.81,1.79,0.0,0.0,0.0,0.02,2.16,2.14
electricity,Senegal,SEN,7.42,4.06,-3.36,0.0,5.37,5.37,0.0,8.91,8.91,1.68,1.44,-0.24,9.1,19.78,10.68
electricity,Serbia,SRB,32.9,27.33,-5.57,0.0,3.38,3.38,0.03,0.43,0.4,0.06,0.92,0.86,32.99,32.06,-0.93
electricity,Singapore,SGP,0.0,0.0,0.0,0.0,0.0,0.0,0.0,2.15,2.15,2.8,2.78,-0.02,2.8,4.93,2.13
electricity,Slovakia,SVK,15.52,16.36,0.84,0.04,0.0,-0.04,2.21,2.34,0.13,5.23,5.35,0.12,23.0,24.05,1.05
electricity,Slovenia,SVN,35.51,31.96,-3.55,0.0,0.06,0.06,1.52,7.6,6.08,1.46,1.5,0.04,38.49,41.12,2.63
electricity,South Africa,ZAF,0.71,0.44,-0.27,0.42,4.48,4.06,0.42,7.39,6.97,0.14,0.19,0.05,1.69,12.5,10.81
electricity,South Korea,KOR,0.51,0.69,0.18,0.21,0.54,0.33,0.5,5.23,4.73,1.17,3.25,2.08,2.39,9.71,7.32
electricity,Spain,ESP,14.27,12.25,-2.02,18.95,22.14,3.19,4.98,20.75,15.77,1.97,2.2,0.23,40.17,57.34,17.17
electricity,Sri Lanka,LKA,36.63,41.07,4.44,2.17,5.1,2.93,0.24,7.67,7.43,0.32,1.41,1.09,39.36,55.25,15.89
electricity,Sudan,SDN,77.3,77.86,0.56,0.0,0.0,0.0,0.09,1.08,0.99,1.05,0.74,-0.31,78.44,79.68,1.24
electricity,Sweden,SWE,41.52,37.53,-3.99,7.32,23.5,16.18,0.03,2.42,2.39,6.97,5.91,-1.06,55.84,69.36,13.52
electricity,Switzerland,CHE,54.28,57.34,3.06,0.14,0.23,0.09,1.2,7.22,6.02,2.41,2.65,0.24,58.03,67.44,9.41
electricity,Syria,SYR,11.01,3.01,-8.0,0.0,0.0,0.0,0.0,0.4,0.4,0.14,0.12,-0.02,11.15,3.53,-7.62
electricity,Taiwan,TWN,1.66,1.46,-0.2,0.58,3.58,3.0,0.2,5.16,4.96,0.74,0.72,-0.02,3.18,10.92,7.74
electricity,Tajikistan,TJK,99.01,94.6,-4.41,0.0,0.0,0.0,0.0,0.0,0.0,0.0,0.0,0.0,99.01,94.6,-4.41
electricity,Tanzania,TZA,41.37,31.67,-9.7,0.0,0.0,0.0,0.32,0.45,0.13,0.96,0.79,-0.17,42.65,32.91,-9.74
electricity,Thailand,THA,2.97,3.21,0.24,0.23,1.69,1.46,1.11,2.72,1.61,3.87,7.21,3.34,8.18,14.83,6.65
electricity,Trinidad and Tobago,TTO,0.0,0.0,0.0,0.0,0.0,0.0,0.0,0.1,0.1,0.0,0.0,0.0,0.0,0.1,0.1
electricity,Tunisia,TUN,0.26,0.05,-0.21,2.69,1.73,-0.96,0.16,2.62,2.46,0.0,0.0,0.0,3.11,4.4,1.29
electricity,Turkey,TUR,16.13,21.85,5.72,3.38,10.7,7.32,0.01,7.52,7.51,1.36,5.53,4.17,20.88,45.6,24.72
electricity,Turkmenistan,TKM,0.0,0.03,0.03,0.0,0.0,0.0,0.0,0.0,0.0,0.0,0.0,0.0,0.0,0.03,0.03
electricity,Uganda,UGA,88.85,86.06,-2.79,0.0,0.0,0.0,0.93,2.93,2.0,7.43,8.09,0.66,97.21,97.08,-0.13
electricity,United Arab Emirates,ARE,0.0,0.0,0.0,0.0,0.11,0.11,0.27,8.58,8.31,0.0,0.12,0.12,0.27,8.81,8.54
electricity,United Kingdom,GBR,1.74,2.03,0.29,9.45,29.31,19.86,1.2,5.2,4.0,6.69,14.11,7.42,19.08,50.65,31.57
electricity,United States,USA,6.18,5.4,-0.78,4.43,10.29,5.86,0.71,6.92,6.21,2.03,1.46,-0.57,13.35,24.07,10.72
electricity,Uruguay,URY,74.34,33.66,-40.68,5.62,38.59,32.97,0.0,4.19,4.19,14.79,22.44,7.65,94.75,98.88,4.13
electricity,Uzbekistan,UZB,10.89,10.06,-0.83,0.0,2.33,2.33,0.0,3.56,3.56,0.0,0.0,0.0,10.89,15.95,5.06
electricity,Venezuela,VEN,55.79,91.1,35.31,0.08,0.02,-0.06,0.0,0.01,0.01,0.0,0.0,0.0,55.87,91.13,35.26
electricity,Vietnam,VNM,44.01,29.22,-14.79,0.05,4.2,4.15,0.01,8.52,8.51,0.04,0.34,0.3,44.11,42.28,-1.83
electricity,World,WLD,16.3,14.33,-1.97,2.97,8.11,5.14,0.83,6.93,6.1,2.16,2.56,0.4,22.26,31.93,9.67
electricity,Yemen,YEM,0.0,0.0,0.0,0.0,0.0,0.0,0.13,11.24,11.11,0.0,0.0,0.0,0.13,11.24,11.11
electricity,Zambia,ZMB,96.69,86.21,-10.48,0.0,0.0,0.0,0.0,0.86,0.86,0.48,0.41,-0.07,97.17,87.48,-9.69
electricity,Zimbabwe,ZWE,55.07,55.56,0.49,0.0,0.0,0.0,0.0,0.39,0.39,0.1,1.17,1.07,55.17,57.12,1.95
